{
    "2.csv": {
        "min_spread_time_minutes": 0.1,
        "max_spread_time_minutes": 61.15,
        "views": 12,
        "unique_authors": 180,
        "CLS_days": 0.042465277777777775,
        "GR": 282.58381030253474
    },
    "1.csv": {
        "min_spread_time_minutes": 0.05,
        "max_spread_time_minutes": 48.36666666666667,
        "views": 5,
        "unique_authors": 140,
        "CLS_days": 0.033587962962962965,
        "GR": 148.86285320468642
    },
    "3.csv": {
        "min_spread_time_minutes": 0.7166666666666667,
        "max_spread_time_minutes": 1381.1166666666666,
        "views": 41,
        "unique_authors": 167,
        "CLS_days": 0.9591087962962963,
        "GR": 42.748017908214365
    },
    "aggregated": {
        "views": "116",
        "CLS_days": "0.9591087962962963",
        "GR": "120.94561164275284",
        "MINSPREADTIME": "0.7166666666666667",
        "UR": "486"
    }
}